"snpa","snpb","snpc","snpd","snpe","snpf","snpg","ageatdial","died","followup","race","bmi","smoke","DDT"
"A/A","A/A","A/A","A/A","G/G","C/C","A/A",88,1,1035,"ASIAN",28.9672454524138,0,1.32516863926402
"A/A","A/A","G/A","A/G","A/G","C/T","A/G",50,0,1385,"WHITE",30.0948653846646,0,0.691442931536585
"A/A","A/A","A/A","A/A","G/G","C/C","A/A",72,0,1503,"WHITE",29.0020484129519,0,2.0341251156384
"T/A","A/A","G/A","A/G","A/G","C/T","A/G",70,0,1353,"WHITE",20.5613330136042,1,0.331019937526435
"A/A","A/A","G/G","G/G","A/A","T/T","G/G",56,0,2727,"WHITE",17.1674424249077,0,1.48468146880016
"T/A","A/A","G/A","A/G","A/G","C/T","A/G",69,0,1228,"WHITE",26.8817440804482,0,1.02255083802612
"T/A","A/A","G/A","A/G","A/G","C/T","A/G",63,0,2038,"WHITE",36.6738355440961,1,0.809225085149419
"T/T","A/A","G/G","G/G","A/A","T/T","G/G",75,0,1036,"WHITE",32.3176420741527,1,1.46424308224561
"T/A","A/A","G/A","A/G","A/G","C/T","A/G",73,1,778,"WHITE",29.5439974421091,0,1.96322276621106
"T/T","A/A","G/G","G/G","A/A","T/T","G/G",65,0,944,"ASIAN",29.286917875883,0,1.08603519755871
"T/A","A/G","G/A","A/G","A/A","C/T","A/G",41,0,3840,"BLACK",36.8561628722117,0,1.61238024000942
"T/T","A/G","A/A","A/A","A/G","C/C","A/A",56,1,568,"BLACK",32.3059952977376,1,1.00741366665335
"T/A","A/A","G/G","G/G","A/A","T/T","G/G",56,0,1218,"HISP",28.4628746282949,0,2.74825496400211
"A/A","A/A","G/A","A/G","A/G","C/T","A/G",28,1,4028,"WHITE",28.5302338277246,0,2.78679771704559
"A/A","A/A","A/A","A/A","G/G","C/C","A/A",32,1,1254,"WHITE",27.1879664048231,0,0.259310129564255
"A/A","A/G","A/A","A/A","A/G","C/C","A/A",57,1,1104,"WHITE",32.0169303488301,0,2.11563420841906
"T/T","A/A","G/G","G/G","A/A","T/T","G/G",66,1,4216,"WHITE",31.4991321835625,0,3.48900612236416
"T/T","A/A","G/G","G/G","A/A","T/T","G/G",27,0,7345,"WHITE",31.6418889810646,0,0.396704258397222
"T/A","A/G","A/A","A/A","A/G","C/C","A/G",54,0,1415,"BLACK",26.5595029196151,0,0.856190429958415
"T/A","A/A","G/A","A/G","A/G","C/T","A/G",49,1,2944,"BLACK",16.8599244624897,0,0.0742775020189583
"A/A","A/A","A/A","A/A","G/G","C/C","A/G",76,1,1035,"BLACK",27.5268126144104,0,2.12600461453982
"T/A","A/A","G/G","G/G","A/A","T/T","G/G",56,1,1680,"WHITE",29.9303906627182,0,0.515805866569281
"A/A","A/A","A/A","A/A","G/G","C/C","A/A",67,1,1495,"WHITE",24.39154678497,1,0.11189081100747
"T/A","A/A","G/A","A/G","A/G","C/T","A/G",28,0,1947,"HISP",33.1883557085396,0,1.10935440493684
"T/T","A/A","G/G","G/G","A/A","T/T","G/G",78,1,359,"WHITE",31.5314816109128,0,0.048959091771394
"T/A","A/A","G/A","A/G","A/G","C/T","A/G",81,1,1049,"WHITE",28.4189109379773,0,0.286069748025754
"T/A","A/A","G/A","A/G","A/G","C/T","A/G",63,0,1829,"WHITE",36.0625941574448,0,0.50537140108645
"T/A","A/A","G/A","A/G","A/G","C/T","A/G",77,1,794,"WHITE",29.6245326653269,0,1.76803364410045
"A/A","A/A","A/A","A/A","G/G","C/C","A/A",27,0,2324,"HISP",35.0120876307762,0,0.27947098390667
"A/A","A/A","A/A","A/A","G/G","C/C","A/A",39,0,3696,"HISP",36.357589914506,0,0.291301583871245
"A/A","A/A","G/A","A/G","A/G","C/T","A/G",82,1,582,"WHITE",37.0186424383366,0,0.176067003514618
"A/A","A/A","G/A","A/G","A/G","C/T","A/G",61,1,199,"ASIAN",27.0566724683131,0,0.943277718084377
"A/A","A/A","G/A","A/G","A/G","C/T","A/G",80,0,981,"WHITE",28.3871347818161,0,1.71393510132077
"T/T","A/A","G/G","G/G","A/A","T/T","G/G",77,0,1566,"WHITE",33.5480910548418,0,0.612452404107898
"A/A","A/A","G/A","A/G","A/G","C/T","A/G",68,0,3599,"WHITE",26.1342037869956,0,0.411959980148822
"T/A","A/A","G/A","A/G","A/G","C/T","A/G",71,1,2635,"WHITE",30.8147778010714,0,1.05474619552995
"A/A","A/A","G/G","G/G","A/A","T/T","G/G",63,0,556,"WHITE",32.2969412296983,0,1.43135086811128
"T/A","A/A","G/A","A/G","A/G","C/T","A/G",49,0,1150,"WHITE",33.0379229778576,1,0.621600103098899
"A/A","A/A","A/A","A/A","G/G","C/C","A/A",83,1,1628,"WHITE",29.7265313987003,0,1.70084926477613
"T/T","A/A","G/G","G/G","A/A","T/T","G/G",35,0,10662,"WHITE",30.5613907119557,0,0.791693464287221
"T/T","A/A","G/G","G/G","A/A","T/T","G/G",71,0,1918,"WHITE",31.34320091277,0,1.18988716598125
"T/A","A/A","G/A","A/G","A/G","C/T","A/G",40,0,2829,"HISP",33.177915401376,0,1.45682763625956
"T/A","A/A","G/G","G/G","A/A","T/T","G/G",67,1,1223,"WHITE",26.8432735444012,0,1.25751326508344
"A/A","A/A","A/A","A/A","G/G","C/C","A/A",43,0,4135,"ASIAN",33.2376392416931,1,0.296036592875385
"A/A","A/A","G/G","G/G","A/A","T/T","G/G",66,0,972,"WHITE",33.464384420377,1,0.4955422594212
"T/T","A/A","G/A","A/G","A/G","C/T","A/G",29,0,4717,"HISP",27.2037338087788,1,0.368855455424637
"A/A","A/A","G/A","A/G","A/G","C/T","A/G",76,1,1414,"WHITE",35.9788133832278,1,1.73117347445024
"T/A","A/A","G/A","A/G","A/G","C/T","A/G",68,1,1069,"WHITE",32.5359026360449,0,0.428303655702621
"T/A","A/A","G/A","A/G","A/G","C/T","A/G",75,1,3968,"WHITE",38.7748586364611,0,0.882042258935881
"T/A","A/A","G/G","G/G","A/G","T/T","A/G",66,0,845,"WHITE",30.6965020327059,0,1.53675103452122
"T/A","A/A","G/A","A/G","A/G","C/T","A/G",77,1,1604,"WHITE",24.5911211787665,0,0.65224347403273
"A/A","A/A","G/A","A/G","A/G","C/T","A/G",50,0,2456,"WHITE",30.5292949110761,0,0.192694396970732
"T/A","A/G","A/A","A/A","A/G","C/T","A/G",64,1,1399,"BLACK",29.9494532169677,1,1.83307001731339
"T/A","A/A","A/A","A/A","A/G","C/T","A/G",53,0,1981,"BLACK",27.1711652479175,0,0.571922664064914
"T/A","A/A","G/A","A/G","A/G","C/T","A/G",49,1,1436,"BLACK",35.0076878686719,1,0.443286885041744
"A/A","A/G","G/A","A/G","A/A","C/T","A/G",40,0,3348,"BLACK",29.2197721705007,0,1.20768267657132
"A/A","A/A","A/A","A/A","G/G","C/C","A/A",58,1,850,"ASIAN",27.0516180446065,0,0.939468589528126
"T/A","A/A","G/A","A/G","A/G","C/T","A/G",88,1,442,"WHITE",28.7308114698201,0,1.59011483450099
"A/A","A/G","A/A","A/A","A/G","C/T","A/G",70,0,1753,"BLACK",30.1603936218594,0,0.257191411219537
"T/A","A/G","A/A","A/A","A/G","C/C","A/A",45,1,1523,"BLACK",32.1886311641998,0,1.04803457758845
"A/A","A/A","G/A","A/G","A/G","C/T","A/G",54,0,1976,"WHITE",29.3788343509081,0,1.6812671496624
"A/A","A/A","G/A","A/G","A/A","T/T","G/G",60,0,2445,"BLACK",27.8531957690404,0,0.462814632849706
"T/A","A/G","A/A","A/A","A/A","","A/A",62,1,1220,"BLACK",26.2720033498892,0,0.730358053887411
"T/A","A/A","A/A","A/A","G/G","C/C","A/A",77,1,1411,"BLACK",31.4851836357881,1,1.20097099612923
"T/A","A/A","G/A","A/G","A/A","T/T","G/G",78,1,2013,"ASIAN",27.8946373123576,0,1.66978496490958
"T/A","A/A","G/A","A/G","A/G","C/T","A/G",59,0,1041,"BLACK",31.44258352875,0,1.48281218661907
"T/A","A/A","G/A","A/G","A/G","C/T","A/G",71,1,2510,"WHITE",28.0072473934921,0,2.01457636794987
"A/A","A/A","G/A","A/G","A/G","C/T","A/G",78,1,689,"BLACK",23.7893325991009,0,1.32004832844706
"T/A","A/G","G/A","A/G","A/A","C/T","A/G",64,1,957,"BLACK",27.8283848087886,1,1.57306671506705
"T/A","A/G","A/A","A/A","A/G","C/C","A/A",58,0,1632,"BLACK",30.3785572287418,0,0.600194504018873
"A/A","A/A","A/A","A/A","G/G","C/C","A/A",81,1,1442,"ASIAN",25.0639839353806,0,2.47119640360091
"A/A","A/A","G/A","A/G","A/G","C/T","A/G",77,1,374,"WHITE",34.3293566532199,1,0.640612307470292
"T/A","A/A","G/G","G/G","A/A","T/T","G/G",73,0,731,"WHITE",26.4429725427487,0,0.643031854182482
"T/A","A/A","G/A","A/G","A/G","C/T","A/G",73,1,707,"WHITE",27.6596774551103,0,1.02708447773803
"A/A","A/G","G/A","A/G","A/A","C/T","A/G",58,1,745,"BLACK",21.7515021812095,0,0.166783412672457
"T/A","A/A","G/A","A/G","A/G","C/T","A/G",67,1,45,"ASIAN",34.8818193590076,0,1.65944913580062
"T/A","A/A","G/A","A/G","A/A","","A/G",64,0,1178,"BLACK",25.5620335212884,1,0.936248999322487
"T/A","A/A","G/A","A/G","A/G","C/T","A/G",75,0,1296,"ASIAN",24.7594383729296,1,1.64781997344437
"A/A","A/A","A/A","A/A","G/G","C/C","A/A",49,0,94,"ASIAN",36.8459855173139,0,0.0524546829983592
"T/A","A/A","G/A","A/G","A/G","C/T","A/G",56,0,1098,"WHITE",22.0964981704696,0,0.280686711426824
"T/A","A/A","G/A","A/G","A/G","C/T","A/G",65,0,1044,"WHITE",37.9079373161429,0,0.60957426764071
"A/A","A/A","G/A","A/G","A/G","C/T","A/G",75,1,537,"WHITE",26.3748084676398,0,0.321153631632827
"A/A","A/A","G/A","A/G","A/G","C/T","A/G",70,1,234,"WHITE",17.9679872946024,0,0.606830285862088
"A/A","A/A","A/A","A/A","G/G","C/C","A/A",75,0,975,"ASIAN",34.9156550463874,0,1.47926096609774
"A/A","A/A","G/A","A/G","A/G","C/T","A/G",78,1,819,"BLACK",28.9710266710638,0,0.287368032615632
"A/A","A/A","G/A","A/G","A/G","","A/G",76,0,1023,"WHITE",27.616120648308,0,0.48653344810009
"A/A","A/A","A/A","A/A","G/G","C/C","A/A",76,1,871,"WHITE",31.0128993738324,0,0.437271457631141
"T/A","A/A","G/A","A/G","A/G","C/T","A/G",67,1,839,"BLACK",35.6495917735965,0,0.684333151672035
"A/A","A/A","G/A","A/G","A/G","C/T","A/G",60,1,75,"BLACK",35.526765506696,0,1.30902939844401
"T/T","A/A","G/G","G/G","A/A","T/T","G/G",45,0,1296,"ASIAN",27.9451453625871,0,1.92182584471049
"A/A","A/A","A/A","A/A","A/A","C/T","A/G",79,0,1518,"BLACK",34.0507905149376,0,1.37171921036662
"T/A","A/G","A/A","A/A","A/G","C/C","A/A",61,0,479,"BLACK",24.6946805358831,0,1.27561208042772
"T/A","A/A","G/G","G/G","A/A","T/T","G/G",63,0,146,"WHITE",41.1478768308412,0,0.00318450201302767
"A/A","A/A","A/A","A/A","G/G","C/C","A/A",69,0,1204,"ASIAN",30.0038226266689,0,0.316283379136698
"T/A","A/A","A/A","A/A","A/G","C/T","A/G",66,0,1847,"BLACK",31.3122213260228,0,1.77034669174793
"A/A","A/A","A/A","A/A","G/G","C/C","A/A",77,0,1566,"ASIAN",36.6342870492454,0,0.00200635800138116
"T/A","A/A","G/A","A/G","A/G","C/T","A/G",48,0,2940,"ASIAN",34.6918361973684,0,0.578583166003227
"T/T","A/A","G/G","G/G","A/G","C/T","A/G",74,1,943,"WHITE",26.2707379871534,0,0.679016548208892
"T/T","A/A","G/G","G/G","A/A","T/T","G/G",68,0,1785,"ASIAN",32.6266468206802,1,0.901439345399749
"A/A","A/A","A/A","A/A","G/G","C/C","A/A",53,0,1497,"ASIAN",31.1551455055019,0,0.321086885407567
"A/A","A/A","G/A","A/G","A/G","C/T","A/G",73,0,1654,"BLACK",30.44189573999,0,1.51545927106383
"T/A","A/A","G/G","G/G","A/A","T/T","G/G",74,0,1779,"BLACK",28.8921983336379,0,0.701570932634127
"T/A","A/A","A/A","A/A","G/G","C/C","A/A",71,1,1770,"ASIAN",32.5458624983175,0,2.14623142207477
"A/A","A/A","G/A","A/G","A/G","C/T","A/G",41,1,332,"BLACK",35.0834975623983,0,4.12894818724549
"A/A","A/G","G/A","A/G","A/A","C/T","A/G",64,0,4429,"BLACK",21.9730424421095,1,0.259988216429659
"A/A","A/A","A/A","A/A","A/A","T/T","A/G",79,1,1778,"BLACK",32.7482049998034,0,0.286824129521847
"T/A","A/A","G/A","A/G","A/G","C/T","A/G",86,1,1316,"BLACK",23.5154146566617,1,1.75293141967597
"T/T","A/A","G/G","G/G","A/A","T/T","G/G",79,1,4937,"WHITE",28.6646808214875,0,2.44727218697283
"A/A","A/G","G/A","A/G","A/A","C/T","A/G",53,0,1924,"BLACK",37.1697626668232,1,2.17786453932579
"A/A","A/A","A/A","A/A","G/G","C/C","A/A",68,0,1260,"WHITE",33.6423729255553,0,0.826210599008601
"T/A","A/A","G/A","A/G","A/G","C/T","A/G",37,0,1609,"BLACK",30.0861588092615,1,1.75047316766324
"T/A","A/A","G/G","G/G","A/A","T/T","G/G",77,1,784,"WHITE",38.8055525638382,0,0.42316345917061
"T/A","A/A","G/A","A/G","A/G","C/T","A/G",72,0,1469,"ASIAN",32.4752036668202,0,2.04877501904013
"A/A","A/A","A/A","A/A","G/G","C/C","A/A",60,1,841,"ASIAN",15.173979968464,0,0.474514085799456
"A/A","A/A","A/A","A/A","A/G","C/C","A/G",64,0,2099,"BLACK",27.4999825344809,0,0.0984366862103343
"T/A","A/A","G/A","A/G","A/G","C/T","A/G",64,1,2324,"ASIAN",29.6607190681648,0,0.444083861541003
"T/A","A/A","G/A","A/G","A/G","C/T","A/G",84,0,1539,"ASIAN",31.8192865545115,1,0.0882781180553138
"A/A","A/A","A/A","A/A","G/G","C/C","A/A",71,1,2708,"ASIAN",32.2877418500135,0,0.289684155024588
"A/A","A/A","G/A","A/G","A/A","C/T","A/G",14,1,3236,"BLACK",26.351160796709,0,0.724364246199739
"T/T","A/A","G/G","G/G","A/A","T/T","G/G",70,0,1772,"ASIAN",33.2883337433345,0,0.690432851668447
"A/A","A/A","A/A","A/A","G/G","C/C","A/A",68,1,1210,"ASIAN",31.5820520626609,0,2.99003243243872
"T/A","A/A","A/A","A/A","G/G","C/C","A/A",70,1,1629,"BLACK",25.0594854341288,1,2.11586535031588
"A/A","A/A","A/A","A/A","G/G","C/C","A/A",58,0,1916,"ASIAN",28.4518802381899,1,0.578826824668795
"T/A","A/A","G/A","A/G","A/G","C/T","A/G",36,0,682,"ASIAN",33.1039236158699,0,0.238056488800794
"T/A","A/A","G/A","A/G","A/G","C/T","A/G",64,0,2973,"ASIAN",29.9908421950438,0,2.49464000190113
"T/A","A/A","G/G","G/G","A/A","T/T","G/G",37,0,1681,"WHITE",28.3474395024968,0,0.5768276383169
"A/A","A/A","A/A","A/A","A/G","C/T","A/G",46,0,1529,"ASIAN",25.2841424304334,0,0.282061279285699
"T/A","A/G","G/A","A/G","A/A","C/T","A/G",76,1,592,"BLACK",31.0779410126938,0,2.5098208914182
"T/A","A/A","A/A","A/A","G/G","C/C","A/A",45,1,1073,"BLACK",40.651192756676,0,0.65238209022209
"T/T","A/A","G/G","G/G","A/A","C/T","G/G",54,0,1267,"ASIAN",29.9668188122493,0,2.50937455321167
"T/A","A/A","G/A","A/G","A/G","C/T","A/G",73,0,1555,"HISP",27.9529646508064,0,0.135688907278629
"A/A","A/A","A/A","A/A","A/G","C/T","A/G",42,0,1857,"ASIAN",40.2984672900391,0,0.924992191563261
"T/T","A/G","A/A","A/A","A/G","C/C","A/A",71,0,3098,"BLACK",39.2712332432987,0,0.412751809228212
"T/A","A/A","G/A","A/G","A/G","C/T","A/G",79,1,1737,"ASIAN",31.8464834522466,0,0.318144485354424
"T/A","A/A","G/A","A/G","A/G","C/T","A/G",47,0,1892,"ASIAN",37.2132339149917,0,0.3152264137888
"T/T","A/A","A/A","A/A","G/G","C/C","A/A",63,0,6119,"ASIAN",37.4575872784626,0,0.881082456516934
"A/A","A/A","A/A","A/A","G/G","C/C","A/A",70,1,1660,"ASIAN",28.3852634976569,0,0.60631250217557
"A/A","A/A","A/A","A/A","G/G","C/C","A/A",44,0,825,"WHITE",31.9394834903351,0,1.69159705369713
"T/A","A/A","G/A","A/G","A/G","C/T","A/G",58,0,4827,"ASIAN",26.8554866897811,0,1.07729870635541
"A/A","A/A","G/A","A/G","A/G","C/T","A/G",63,0,1764,"WHITE",34.6467653427089,0,1.64995572335067
"T/A","A/A","G/A","A/G","A/G","C/T","A/G",75,1,1590,"WHITE",33.606443752759,1,1.34512092075766
"T/A","A/A","G/A","A/G","A/G","C/T","A/G",74,0,2171,"HISP",29.4506441572407,1,2.03303524657133
"T/A","A/A","G/A","A/G","A/G","C/T","A/G",64,0,1602,"HISP",29.5816112128438,0,0.13585949040412
"A/A","A/A","G/G","G/G","A/A","T/T","G/G",79,1,1749,"WHITE",28.2015972030955,0,0.201661769300699
"T/T","A/A","G/G","G/G","A/A","T/T","G/G",60,0,3172,"ASIAN",30.4854225831739,0,0.0391335319727659
"T/A","A/G","G/A","A/G","A/A","C/T","A/G",69,0,1712,"BLACK",23.2485712845597,0,0.762089970500928
"A/A","A/A","A/A","A/A","A/G","C/T","A/G",48,0,1798,"BLACK",29.6329183537691,1,1.73061048044803
"T/A","A/A","G/A","A/G","A/G","C/T","A/G",27,0,5089,"BLACK",26.5313368983559,0,2.99089931036768
"T/A","A/A","G/A","A/G","A/G","C/T","A/G",51,1,799,"WHITE",28.5867986693983,0,0.199978475924581
"T/T","A/A","G/G","G/G","A/A","T/T","G/G",73,0,2086,"WHITE",33.783959300742,0,0.875348491980078
"T/A","A/A","G/G","G/G","A/A","T/T","G/G",66,0,2798,"WHITE",32.8998863193355,0,0.855306536848557
"A/A","A/A","G/A","A/G","A/G","C/T","A/G",66,1,1179,"BLACK",29.0299128312467,1,0.561431009788066
"T/A","A/A","A/A","A/A","G/G","C/C","A/A",71,0,1755,"BLACK",31.11288506055,0,0.914401934440148
"A/A","A/A","A/A","A/A","A/A","T/T","G/G",61,1,1154,"BLACK",36.4839966138679,1,1.19756449661673
"A/A","A/A","G/A","A/G","A/G","C/T","A/G",74,1,332,"BLACK",30.469367706353,1,0.921876085440112
"A/A","A/A","A/A","A/A","G/G","C/C","A/A",71,0,1896,"ASIAN",33.7387995552847,0,0.7297869682397
"T/A","A/A","G/G","G/G","A/A","T/T","G/G",46,1,4463,"BLACK",27.8938638989979,1,0.804903149562788
"A/A","A/A","A/A","A/A","G/G","C/C","A/A",49,0,1759,"ASIAN",29.3381893375269,0,0.192544538054742
"T/T","A/A","G/G","G/G","A/A","T/T","G/G",46,0,523,"WHITE",23.7815351848589,1,2.08794123744173
"T/A","A/A","G/A","A/G","A/A","C/T","G/G",71,0,991,"WHITE",27.2416344212476,0,0.830047886822959
"T/A","A/A","A/A","A/A","G/G","C/C","A/A",73,0,2170,"BLACK",28.9704256287694,1,0.941441724966181
"T/A","A/A","A/A","A/A","A/G","C/T","A/G",43,1,591,"BLACK",24.7237417624919,0,0.527417077217251
"T/A","A/A","G/A","A/G","A/G","C/T","A/G",52,0,659,"ASIAN",30.149698012592,0,1.79410736254396
"T/A","A/A","A/A","A/A","G/G","C/C","A/A",61,0,2029,"BLACK",30.4510553958392,0,0.0622614168963455
"T/A","A/G","A/A","A/G","A/A","C/T","A/G",35,0,1831,"BLACK",29.6309708035546,0,0.528128839097917
"T/A","A/A","G/A","A/G","A/G","C/T","A/G",46,0,2548,"HISP",32.5458292877378,0,0.470064644701779
"A/A","A/A","A/A","A/A","G/G","C/C","A/A",36,0,1831,"ASIAN",27.7866570494682,0,1.37234354387493
"A/A","A/A","A/A","A/A","A/G","C/C","A/G",65,0,2220,"HISP",37.3970976376062,0,1.94568482032957
"T/A","A/A","G/G","G/G","A/A","T/T","G/G",20,0,3135,"BLACK",29.4147022542782,0,0.178737447509901
"A/A","A/A","G/A","A/A","A/G","C/T","A/G",34,0,2688,"ASIAN",34.1330362975503,0,1.123967458452
"A/A","A/A","G/A","A/G","A/A","T/T","G/G",52,0,3809,"BLACK",29.199214965714,0,4.12909262420094
"T/A","A/A","A/A","A/A","A/G","C/T","A/G",28,0,6001,"BLACK",28.9109528868454,0,1.18274356886269
"A/A","G/G","A/A","A/A","A/A","C/C","A/A",28,0,264,"BLACK",25.8111703818103,0,0.860504085156036
"T/T","A/A","G/G","G/G","A/A","T/T","G/G",50,0,1601,"ASIAN",32.7935691906813,0,0.114214072893167
"T/A","A/A","G/A","A/G","A/G","C/T","A/G",60,0,1766,"HISP",29.5633216454247,1,0.655711319763213
"A/A","A/A","A/A","A/A","G/G","C/C","A/A",57,0,2401,"BLACK",18.6043898317171,0,0.141715374548791
"T/A","A/A","G/A","A/G","A/G","C/T","A/G",67,1,533,"ASIAN",34.5837919196188,0,0.43622952865536
"T/A","A/A","A/A","A/A","A/G","C/C","A/A",58,0,3988,"BLACK",37.4197599416285,0,0.833120365062085
"T/A","A/G","G/A","A/G","A/G","C/T","A/G",61,0,1433,"ASIAN",36.2306170450892,0,1.11537154014678
"T/A","A/G","G/A","A/G","A/A","C/T","G/G",68,0,2574,"BLACK",32.6878647937392,0,1.23822051934422
"A/A","A/A","A/A","A/A","A/G","C/T","A/G",46,0,1945,"ASIAN",27.3134156931993,0,0.0374810718931258
"T/A","A/A","G/A","A/G","A/G","C/T","A/G",56,0,2351,"ASIAN",24.1425306419732,0,1.21451599705489
"T/A","A/A","G/A","A/G","A/G","C/T","A/G",39,0,1908,"ASIAN",34.927873326698,0,0.943894175281036
"T/A","A/A","A/A","A/A","A/G","C/C","A/A",63,0,3772,"BLACK",34.3969034297644,0,0.56240240810439
"A/A","A/A","A/A","A/A","G/G","C/C","A/A",34,0,1450,"HISP",33.0548677885225,0,0.0910039083302972
"T/A","A/A","G/A","A/A","A/A","C/T","G/G",41,1,1250,"ASIAN",35.8785738404401,1,0.967995817731035
"T/T","A/A","G/G","G/G","A/A","T/T","G/G",74,0,1609,"HISP",26.1112444506016,0,1.65830510311226
"T/A","A/A","G/G","G/G","A/A","C/T","G/G",61,0,4045,"BLACK",26.5326004585473,0,2.32749301819247
"A/A","A/A","G/A","A/G","A/G","C/T","A/G",58,0,1336,"HISP",27.1552008733224,0,1.01158608212591
"T/A","A/A","G/A","A/G","A/A","T/T","G/G",53,1,981,"WHITE",38.3714947125708,0,1.44178060433807
"A/A","A/A","A/A","A/A","G/G","C/T","A/G",62,0,1681,"HISP",34.3320554911566,0,0.368197094649076
"T/A","A/A","G/A","A/G","A/G","C/T","A/G",77,0,2792,"BLACK",27.6778655682174,1,1.30073922682078
"T/T","A/A","A/A","A/A","G/G","C/C","A/A",66,0,1437,"BLACK",29.3785193662833,0,0.12741977226105
"T/A","A/A","G/A","A/G","A/G","C/T","A/G",58,0,1282,"HISP",33.7081307714471,0,1.69249067275287
"T/T","A/A","A/A","A/A","A/G","C/C","A/A",60,1,3326,"BLACK",31.9642725172502,0,3.66703731359398
"T/T","A/A","G/A","A/G","A/G","C/T","A/G",67,0,2525,"BLACK",24.7338440400116,0,0.0390445882253337
"A/A","A/G","A/A","A/A","A/G","C/C","A/G",67,0,3390,"BLACK",33.3151787397988,0,0.182839889079332
"A/A","A/A","A/A","A/A","G/G","C/C","A/A",63,1,2988,"ASIAN",35.8009909815804,0,1.90055336049738
"T/T","A/A","G/G","G/G","A/A","T/T","G/G",62,1,2267,"ASIAN",36.4711184868661,0,0.307333808224302
"T/T","A/A","G/A","A/G","A/G","C/T","A/G",41,0,1547,"BLACK",31.2992553112394,0,2.00422716877403
"T/T","A/A","G/A","A/G","A/G","C/T","A/G",45,0,6003,"ASIAN",27.9559450010072,0,0.455105135409337
"A/A","A/A","A/A","A/A","G/G","C/C","A/A",55,0,3168,"HISP",32.3386022901788,0,0.0552389072957333
"T/A","A/A","G/A","A/G","A/G","C/T","A/G",30,0,1186,"HISP",35.2295682533251,0,0.929780370513809
"T/A","A/A","G/A","A/G","A/G","C/T","A/G",76,0,1307,"ASIAN",20.9780757571023,0,1.92880367851796
"A/A","A/A","A/A","A/A","G/G","C/C","A/A",61,0,3657,"HISP",36.9730038964718,0,1.31311016246201
"A/A","A/A","A/A","A/A","G/G","C/C","A/A",38,0,2373,"BLACK",31.4269716947469,1,0.486190364230424
"A/A","A/A","A/A","A/A","G/G","C/C","A/A",63,0,1188,"ASIAN",20.9834756724262,1,0.15882374625653
"A/A","A/G","G/A","A/G","A/A","T/T","G/G",58,0,2227,"BLACK",40.2672876555577,0,0.0198133704252541
"A/A","A/A","G/A","A/G","A/G","C/T","A/G",39,0,5451,"HISP",33.6683155854165,1,0.129083268810064
"T/A","A/A","G/A","A/G","A/G","C/T","A/G",58,1,3461,"HISP",33.6863967786066,0,0.658933185040951
"A/A","A/A","A/A","A/A","A/G","C/T","A/G",59,0,1471,"ASIAN",27.0473447853678,0,0.0264015838906165
"A/A","A/A","A/A","A/A","A/A","C/T","A/A",69,0,1523,"BLACK",20.651329268136,0,0.104725693836671
"A/A","A/A","A/A","A/A","G/G","C/C","A/A",67,1,2414,"ASIAN",32.9678122373006,0,2.80211035560835
"T/A","A/A","A/A","A/A","A/A","C/T","A/G",63,0,1142,"BLACK",35.7080453643708,0,2.82132018676002
"A/A","A/A","A/A","A/A","G/G","C/C","A/A",62,0,1636,"HISP",37.4271847996986,0,0.619921979960054
"T/A","A/A","G/A","A/G","A/G","C/T","A/G",63,0,1303,"HISP",30.1307069921282,0,0.498837937349671
"A/A","A/A","A/A","A/A","G/G","C/C","A/A",51,0,2471,"HISP",26.3586051943285,0,0.965929936575604
"T/A","A/A","A/A","A/A","A/G","C/T","A/G",24,0,8697,"BLACK",28.2239001650867,0,0.415367107838392
"A/A","A/A","A/A","A/A","G/G","C/C","A/A",62,0,1188,"ASIAN",22.5606354664595,0,0.132375248707831
"T/A","A/A","G/A","A/G","A/G","C/T","A/G",63,1,365,"ASIAN",27.1059552433338,0,1.02626765171063
"A/A","A/A","A/A","A/A","G/G","C/C","A/A",61,0,1863,"ASIAN",33.7371457075664,1,0.452547386537405
"T/A","A/A","G/G","G/G","A/A","C/T","G/G",69,1,2848,"BLACK",25.4110758583285,0,0.952598744961333
"T/A","A/G","A/A","A/A","G/G","C/C","A/A",65,1,2455,"BLACK",21.8678861635723,1,0.0996545063680488
"A/A","A/A","A/A","A/A","A/G","C/T","A/G",43,1,3667,"BLACK",35.1924740150572,1,0.594376517925411
"T/T","A/A","G/A","A/G","A/A","C/T","A/G",41,0,3407,"BLACK",27.0775874431319,0,0.128025772981346
"T/T","A/A","G/G","G/G","A/A","T/T","G/G",39,0,1289,"ASIAN",39.6466252736249,0,0.337489619851112
"T/T","A/A","G/G","G/G","A/A","T/T","G/G",65,1,3984,"ASIAN",30.3525598161012,0,1.54108905038776
"A/A","A/A","A/A","A/A","G/G","C/C","A/A",61,0,746,"HISP",28.0615454416709,0,1.14168895497443
"A/A","G/G","A/A","A/A","A/A","C/C","A/A",68,1,247,"HISP",26.8126766097039,0,0.500384962615448
